trade_id,instrument_type,ref,isin,description,counterparty,book,issue_date,maturity_date,coupon_rate,frequency,day_count,currency,notional,ytm,curve_name,spread_bps,flat_inflation,uvr_fixing,notes
T-0001,TES_TASA_FIJA,TFIT16181030,,,COUNTERPARTY_A,TRADING,,,,,,,1000000000,,TES_COP_ZERO,0,,,
T-0002,TES_TASA_FIJA,TFIT15290632,,,COUNTERPARTY_A,TRADING,,,,,,,500000000,,TES_COP_ZERO,0,,,
T-0003,TES_UVR,TUVT11270216,,,COUNTERPARTY_B,TRADING,,,,,,,500000000,,TES_COP_ZERO,0,,455.20,
T-0004,TES_UVR,TUVT20350318,,,COUNTERPARTY_B,BANKING,,,,,,,300000000,,TES_COP_ZERO,0,,455.20,
T-0005,TES_IPC,,,TES IPC custom 4%+IPC 2032,COUNTERPARTY_A,TRADING,2022-05-25,2032-05-25,0.04,1,NL/365,COP,800000000,,TES_COP_ZERO,0,5.5,,
T-0006,CORP_FIJA,,COXX0000001,Corporate fixed 8.5% 2028,COUNTERPARTY_C,BANKING,2023-03-15,2028-03-15,0.085,2,30/360,COP,200000000,,TES_COP_ZERO,150,,,
T-0007,CORP_IPC,,COXX0000002,Corporate IPC+3% 2030,COUNTERPARTY_C,BANKING,2022-06-01,2030-06-01,0.03,2,30/360,COP,150000000,,TES_COP_ZERO,180,5.5,,
T-0008,GLOBAL,,US195325CK74,Global USD 5.625% 2034,COUNTERPARTY_D,TRADING,2024-01-15,2034-01-15,0.05625,2,30/360,USD,1000000,,USD_BENCHMARK,0,,,
T-0009,ZERO,,ZCP-2027,Zero coupon 2027,COUNTERPARTY_A,BANKING,2024-01-01,2027-01-01,,1,ACT/365,COP,300000000,,TES_COP_ZERO,0,,,
